unit,x_star,y_star,z_final,u_worst,u_L,u_T,mu_hat,p_i,g_idx
ALHAMBRA 1102,0,0,0,0.0,0.0,17.333762376913725,0.1635752966400417,6257.0,1
ALHAMBRA 1105,0,0,0,0.0,0.0,19.644546748278636,0.2095731175025462,2740.5,1
ALLEGHANY 1101,0,0,0,0.0,0.0,23.48935602696451,0.2984041185403162,1618.0,4
ALLEGHANY 1102,0,0,0,0.0,0.0,23.018462409634974,0.2867039831017419,1068.5,4
ALTO 1120,0,0,0,15.675763299013624,0.0,15.675763299013624,0.1340192451613258,15676.0,1
ALTO 1122,0,0,0,0.0,0.0,15.67576329901363,0.1340192451613259,2899.5,1
ALTO 1123,0,0,0,0.0,0.0,15.67576329901363,0.1340192451613259,2795.0,1
ALTO 1124,1,0,0,0.0,0.0,15.871875936075876,0.1373643997419741,10515.0,1
ALTO 1125,0,0,0,0.0,0.0,15.871875936075876,0.1373643997419741,5408.5,1
ANDERSON 1101,1,0,0,0.0,0.0,25.433456702593276,0.3491185739346266,5357.0,2
ANDERSON 1103,0,0,0,0.0,0.0,25.433456702593276,0.3491185739346266,1315.5,2
ANITA 1106,0,0,0,0.0,0.0,25.434751999405027,0.3491536536908292,767.875,2
ANNAPOLIS 1101,0,0,0,0.0,0.0,23.16378997863061,0.2902905430808851,727.0,1
ANTELOPE 1101,0,0,0,0.0,0.0,28.719394096623407,0.4436056904362941,164.77272727272728,0
ANTLER 1101,1,0,0,0.0,0.0,25.97301963972543,0.363879554161481,4890.0,2
APPLE HILL 1103,0,0,0,0.0,0.0,22.64761829248327,0.2776504501404829,4209.5,4
APPLE HILL 1104,0,0,0,0.0,0.0,22.64761829248327,0.2776504501404829,1701.5,4
APPLE HILL 2102,0,0,0,0.0,0.0,23.10721627659782,0.2888917678832438,2137.0,4
ARCATA 1121,1,0,0,0.0,0.0,26.382219066081593,0.3752722082662825,5859.5,2
ARCATA 1122,0,0,0,0.0,0.0,26.382219066081593,0.3752722082662825,2574.5,2
ARLINGTON 0401,0,0,0,0.0,0.0,16.575275175772045,0.1496956108818659,5336.0,1
ARVIN 1101,0,0,0,0.0,0.0,26.06171195864943,0.3663343729028423,500.42857142857144,0
ATASCADERO 1101,1,0,1,21.182495618447096,0.0,21.182495618447096,0.2432701861441749,11520.0,0
ATASCADERO 1102,1,0,0,0.0,0.0,20.157761640882953,0.2205447526091054,6462.0,0
ATASCADERO 1103,1,0,0,0.0,0.0,20.95888540620668,0.2382183044421203,6120.0,0
AUBERRY 1101,0,0,0,0.0,0.0,22.78953789209439,0.2810984389086185,1059.5,0
AUBERRY 1102,0,0,0,0.0,0.0,21.832569473186453,0.2582508961592173,1059.5,0
AUBURN 1101,0,0,0,0.0,0.0,22.814345511799193,0.2817032805625278,4632.0,4
AUBURN 1102,0,0,0,0.0,0.0,22.814345511799193,0.2817032805625278,1546.3333333333333,4
BALCH NO 1 1101,0,0,0,0.0,0.0,21.554119495398755,0.251780587112129,580.0,0
BANCROFT 0401,0,0,0,17.510523494689394,0.0,17.510523494689394,0.1668966065400982,10746.0,1
BANCROFT 0402,0,0,0,0.0,0.0,17.510523494689394,0.1668966065400982,4121.0,1
BANGOR 1101,0,0,0,0.0,0.0,23.275795022567017,0.2930695656602289,1062.3333333333333,4
BASALT 1106,0,0,0,0.0,0.0,18.197742138185266,0.180120273870399,905.5,1
BAY MEADOWS 1105,0,0,0,0.0,0.0,18.074907353602732,0.1777203718296654,2459.5,1
BAY MEADOWS 2102,0,0,0,0.0,0.0,18.074907353602732,0.1777203718296654,1854.3333333333333,1
BAYWOOD 1101,0,0,0,0.0,0.0,20.587421243885977,0.2299406326958248,1230.0,0
BEAR VALLEY 2101,0,0,0,0.0,0.0,22.45389765940059,0.2729774554854866,5038.5,4
BEAR VALLEY 2105,0,0,0,0.0,0.0,21.11317419176346,0.2416985108781029,1603.0,4
BELL 1107,1,0,1,23.32603411665231,0.0,23.32603411665231,0.2943202708546338,8348.0,4
BELL 1108,0,0,0,0.0,0.0,22.621282760350137,0.2770129026239901,4663.0,4
BELL 1109,0,0,0,0.0,0.0,22.814345511799193,0.2817032805625278,3026.0,4
BELL 1110,0,0,0,0.0,0.0,22.814345511799193,0.2817032805625278,2955.5,4
BELLEVUE 1102,0,0,0,0.0,0.0,18.98580430626861,0.1958922070110017,3311.0,1
BELLEVUE 2101,0,0,0,0.0,0.0,20.530473572882418,0.2286842710575535,725.5,1
BELMONT 1103,0,0,0,0.0,0.0,20.843834250081297,0.2356392185843656,8404.0,1
BELMONT 1110,0,0,0,0.0,0.0,17.92361661176062,0.1747862005450409,2556.6666666666665,1
BEN LOMOND 0401,0,0,0,0.0,0.0,24.77797765532581,0.3315867486782396,2509.5,3
BEN LOMOND 1101,0,0,0,0.0,0.0,24.77797765532581,0.3315867486782396,2705.5,3
BERESFORD 0402,0,0,0,0.0,0.0,18.074907353602732,0.1777203718296654,7115.333333333333,1
BERESFORD 0403,0,0,0,0.0,0.0,18.074907353602732,0.1777203718296654,1856.5,1
BERKELEY F 0402,0,0,0,0.0,0.0,16.575275175772045,0.1496956108818659,5065.0,1
BERKELEY F 1103,1,0,0,0.0,0.0,16.250904512769168,0.1439444178934331,9660.333333333334,1
BERKELEY F 1105,0,0,0,0.0,0.0,16.575275175772045,0.1496956108818659,3386.0,1
BIG BASIN 1101,0,0,0,0.0,0.0,24.77797765532581,0.3315867486782396,2705.5,3
BIG BASIN 1102,0,0,0,0.0,0.0,26.35813141969784,0.3745968482747748,6007.0,3
BIG BEND 1101,0,0,0,0.0,0.0,24.518159292294175,0.3247592105595428,1418.0,4
BIG BEND 1102,0,0,0,0.0,0.0,24.150156512688504,0.3152071990078412,888.75,4
BIG MEADOWS 2101,1,0,1,22.952959382791732,0.0,22.952959382791732,0.2850945344630903,10046.666666666666,4
BIG RIVER 1101,0,0,0,0.0,0.0,26.033520085313427,0.3655532106330356,2443.0,2
BOGARD 1101,1,0,0,7.947977859388172,0.0,22.204396904463437,0.2670159572545595,9832.0,4
BOLINAS 1101,0,0,0,0.0,0.0,17.791327543315607,0.1722401837559592,2111.0,1
BONNIE NOOK 1101,0,0,0,0.0,0.0,23.09617324178526,0.2886191150534097,566.6,4
BONNIE NOOK 1102,0,0,0,0.0,0.0,23.09617324178526,0.2886191150534097,566.6,4
BRENTWOOD 2105,0,0,0,0.0,0.0,20.13269928874442,0.2200026030608158,1293.0,1
BRENTWOOD 2111,1,0,0,0.0,0.0,21.16337737480487,0.242836234722468,11610.5,1
BRIDGEVILLE 1101,0,0,0,0.0,0.0,25.44412281437014,0.3494074889921884,1358.0,2
BRIDGEVILLE 1102,0,0,0,0.0,0.0,25.718304466804792,0.3568741955928834,1358.0,2
BROWNS VALLEY 1101,0,0,0,0.0,0.0,23.79581011395297,0.3061409753874914,1967.5,4
BRUNSWICK 1102,1,0,0,0.0,0.0,22.61660960013786,0.2768998464565133,7581.0,4
BRUNSWICK 1103,0,0,0,0.0,0.0,22.153011840649405,0.2657961570865212,2644.5,4
BRUNSWICK 1104,1,0,1,22.153011840649405,0.0,22.153011840649405,0.2657961570865212,6700.0,4
BRUNSWICK 1105,0,0,0,0.0,0.0,22.61660960013786,0.2768998464565133,2644.5,4
BRUNSWICK 1106,0,0,0,0.0,0.0,22.492568818855347,0.2739072022885732,4079.0,4
BRUNSWICK 1107,1,0,0,0.0,0.0,22.153011840649405,0.2657961570865212,7037.0,4
BRUNSWICK 1110,1,0,0,0.0,0.0,22.153011840649405,0.2657961570865212,6373.0,4
BUCKS CREEK 1103,0,0,0,0.0,0.0,25.293627106096583,0.3453417365018092,854.6666666666666,4
BUELLTON 1101,1,0,0,0.0,0.0,26.499544379939746,0.3785701810304848,6937.5,0
BUELLTON 1102,0,0,0,0.0,0.0,26.499544379939746,0.3785701810304848,3914.0,0
BURNEY 1101,0,0,0,0.0,0.0,21.5112376233919,0.2507912721617522,1384.6666666666667,2
BURNEY 1102,0,0,0,0.0,0.0,21.5112376233919,0.2507912721617522,1384.6666666666667,2
BURNS 2101,0,0,0,0.0,0.0,24.77797765532581,0.3315867486782396,5661.5,3
BUTTE 1105,0,0,0,0.0,0.0,25.604774543783392,0.353773154364538,1246.6666666666667,4
CABRILLO 1103,0,0,0,0.0,0.0,22.920398884006527,0.2842961477978594,2496.0,0
CABRILLO 1104,1,0,0,15.55484575554989,0.0,23.046175940722403,0.2873862513608943,46690.5,0
CAL WATER 1102,1,0,0,0.0,0.0,27.38024806977961,0.4037737131705554,6749.0,0
CALAVERAS CEMENT 1101,0,0,0,0.0,0.0,23.601878329835472,0.3012336855997029,2172.0,4
CALISTOGA 1101,0,0,0,0.0,0.0,20.463640751776857,0.227214119609053,569.0,1
CALISTOGA 1102,0,0,0,0.0,0.0,19.276547544275537,0.2018746836120796,5797.0,1
CALPELLA 1101,1,0,0,0.0,0.0,23.03068628593591,0.2870048203027012,3009.0,2
CALPELLA 1102,1,0,0,0.0,0.0,23.67030723715676,0.3029608122920628,4236.0,2
CAMP EVERS 2103,1,0,0,15.934671283486647,0.0,20.589618383991663,0.2299891727424387,17638.0,3
CAMP EVERS 2104,0,0,0,0.0,0.0,22.96676353603394,0.2854333432860648,5231.0,3
CAMP EVERS 2105,0,0,0,0.0,0.0,22.96676353603394,0.2854333432860648,4735.0,3
CAMP EVERS 2106,0,0,0,0.0,0.0,22.96676353603394,0.2854333432860648,3450.0,3
CAMPHORA 1101,0,0,0,0.0,0.0,25.676854465386143,0.3557404737378214,1716.0,3
CARLOTTA 1121,0,0,0,0.0,0.0,26.946523318882004,0.3912630070445833,1358.0,2
CAROLANDS 0401,0,0,0,0.0,0.0,18.074907353602732,0.1777203718296654,1944.0,1
CAROLANDS 0404,0,0,0,0.0,0.0,18.074907353602732,0.1777203718296654,1854.3333333333333,1
CASTRO VALLEY 1102,0,0,0,0.0,0.0,19.79224610222965,0.2127025941210747,8877.0,1
CASTRO VALLEY 1105,1,0,1,17.510523494689394,0.0,17.510523494689394,0.1668966065400982,10696.5,1
CASTRO VALLEY 1108,1,0,1,19.79224610222965,0.0,19.79224610222965,0.2127025941210747,13970.0,1
CASTRO VALLEY 1110,0,0,0,0.0,0.0,19.79224610222965,0.2127025941210747,3863.0,1
CASTRO VALLEY 1111,0,0,0,0.0,0.0,19.79224610222965,0.2127025941210747,3863.0,1
CAYETANO 2109,0,0,0,0.0,0.0,19.367435405940817,0.2037629139079177,2890.5,1
CAYETANO 2111,0,0,0,0.0,0.0,19.367435405940817,0.2037629139079177,2890.5,1
CAYUCOS 1101,0,0,0,0.0,0.0,20.59770348993544,0.2301678350827204,528.8,0
CAYUCOS 1102,0,0,0,0.0,0.0,19.7228371980578,0.211229120188794,3033.8,0
CEDAR CREEK 1101,0,0,0,0.0,0.0,22.778409270272448,0.2808273148644643,1115.3333333333333,2
CHALLENGE 1101,0,0,0,0.0,0.0,23.394941756614713,0.2960399536627141,888.75,4
CHALLENGE 1102,0,0,0,0.0,0.0,23.11286591510545,0.2890313061558083,1062.3333333333333,4
CHESTER 1101,0,0,0,0.0,0.0,22.37033421711499,0.2709736601316141,1100.0,4
CHESTER 1102,0,0,0,0.0,0.0,22.37033421711499,0.2709736601316141,1100.0,4
CHOLAME 1101,0,0,0,0.0,0.0,26.274764260362343,0.3722639968901441,1620.5,0
CHOLAME 2102,0,0,0,0.0,0.0,24.18717370904808,0.3161617473478479,3949.0,0
CLARK ROAD 1101,0,0,0,0.0,0.0,24.54725185742694,0.3255202697578397,899.5,4
CLARK ROAD 1102,0,0,0,0.0,0.0,24.65026277685685,0.3282219995199443,1851.0,4
CLARKSVILLE 2103,1,0,1,22.751151598414708,0.0,22.751151598414708,0.280163781651948,28833.0,4
CLARKSVILLE 2104,1,0,0,0.0,0.0,22.751151598414708,0.280163781651948,7238.5,4
CLARKSVILLE 2105,1,0,0,1.8595172813962513,0.0,22.751151598414708,0.280163781651948,15415.0,4
CLARKSVILLE 2106,1,0,0,8.945035458721417,0.0,22.751151598414708,0.280163781651948,12843.0,4
CLARKSVILLE 2109,1,0,0,4.674131195598353,0.0,22.751151598414708,0.280163781651948,8350.5,4
CLAY 1101,0,0,0,0.0,0.0,22.85912166308577,0.2827965859094257,2863.0,4
CLAY 1102,1,0,0,0.0,0.0,22.860916075662978,0.2828404433751786,6321.0,4
CLAY 1103,0,0,0,0.0,0.0,22.860916075662978,0.2828404433751786,2148.5,4
CLAYTON 2212,0,0,0,0.0,0.0,20.43173768990997,0.2265139687202188,5000.0,1
CLAYTON 2213,0,0,0,0.0,0.0,20.43173768990997,0.2265139687202188,7995.0,1
CLAYTON 2215,0,0,0,0.0,0.0,19.11986024309112,0.1986396584880983,3464.0,1
CLAYTON 2217,0,0,0,0.0,0.0,19.11986024309112,0.1986396584880983,8747.0,1
CLEAR LAKE 1101,0,0,0,0.0,0.0,22.582242660009285,0.2760691105396067,6102.0,1
CLEAR LAKE 1102,0,0,0,0.0,0.0,22.582242660009285,0.2760691105396067,4123.333333333333,1
CLOVERDALE 1101,0,0,0,0.0,0.0,22.538136997585305,0.2750047496028023,6306.0,1
CLOVERDALE 1102,0,0,0,0.0,0.0,22.65015759685241,0.2777119610531596,4088.0,1
COARSEGOLD 2102,0,0,0,0.0,0.0,21.93234411399946,0.260588854858123,4398.5,0
COARSEGOLD 2103,1,0,0,12.930264499586876,0.0,21.25760420537612,0.2449786876069376,7327.5,0
COARSEGOLD 2104,0,0,0,0.0,0.0,21.25760420537612,0.2449786876069376,4536.5,0
COLUMBIA HILL 1101,0,0,0,0.0,0.0,22.792024663512912,0.2811590409925305,1068.5,4
CONTRA COSTA 2115,1,0,0,0.0,0.0,21.16337737480487,0.242836234722468,10095.0,1
COPPERMINE 1104,0,0,0,0.0,0.0,24.18424061141526,0.3160860613903453,2703.0,0
CORDELIA 1112,0,0,0,0.0,0.0,18.385746669984208,0.1838239917685919,6109.0,1
CORNING 1101,0,0,0,0.0,0.0,28.023661948017647,0.4226847497225267,1560.6666666666667,2
CORNING 1102,0,0,0,0.0,0.0,28.023661948017647,0.4226847497225267,1560.6666666666667,2
CORONA 1103,0,0,0,0.0,0.0,19.63336402989252,0.2093371008886297,6534.5,1
CORRAL 1101,0,0,0,0.0,0.0,23.246560151143186,0.2923429571095656,2198.5,4
CORRAL 1102,0,0,0,0.0,0.0,23.246560151143186,0.2923429571095656,2198.5,4
CORRAL 1103,1,0,0,0.0,0.0,23.53670802261461,0.2995932797353226,5849.0,4
CORTINA 1101,0,0,0,0.0,0.0,26.650715198825225,0.3828402083806048,2204.0,1
COTATI 1102,0,0,0,0.0,0.0,18.156836132436815,0.1793193144098576,8055.0,1
COTATI 1103,0,0,0,0.0,0.0,19.520883436032115,0.2069703843825971,1607.5,1
COTATI 1104,1,0,1,18.156836132436815,0.0,18.156836132436815,0.1793193144098576,13255.0,1
COTATI 1105,0,0,0,0.0,0.0,19.520883436032115,0.2069703843825971,4505.0,1
COTTONWOOD 1101,0,0,0,0.0,0.0,25.83988913543913,0.3602098437438828,2179.0,2
COTTONWOOD 1102,1,0,0,0.0,0.0,25.690355934905643,0.3561095672245616,4009.0,2
COTTONWOOD 1103,0,0,0,0.0,0.0,25.83988913543913,0.3602098437438828,2179.0,2
COVELO 1101,0,0,0,0.0,0.0,23.94111246801417,0.3098430544652296,3100.0,2
CURTIS 1701,0,0,0,0.0,0.0,21.28835025689198,0.2456797558945157,2472.0,4
CURTIS 1702,1,0,0,0.0,0.0,21.28835025689198,0.2456797558945157,8202.0,4
CURTIS 1703,1,0,0,13.188134140150703,0.0,20.96048575082383,0.2382542759082311,9736.0,4
CURTIS 1704,0,0,0,0.0,0.0,21.95638956085731,0.2611538356272093,1496.0,4
CURTIS 1705,0,0,0,0.0,0.0,21.28835025689198,0.2456797558945157,1541.0,4
CUYAMA 1103,0,0,0,0.0,0.0,29.659269460202484,0.4726453528121213,268.5,0
CUYAMA 2101,0,0,0,0.0,0.0,35.49729145307433,0.6728764395481581,5129.0,0
DEL MAR 2106,0,0,0,0.0,0.0,23.201422419268376,0.2912228233698059,1699.6666666666667,4
DEL MAR 2109,0,0,0,0.0,0.0,23.62668638897395,0.3018592780508104,3016.666666666667,4
DEL MAR 2110,1,0,1,18.35735439899903,0.0,23.500448898602052,0.2986824895175052,11013.0,4
DEL MONTE 2101,1,0,0,0.0,0.0,19.340437460521837,0.2032011225985541,7952.0,3
DEL MONTE 2102,1,0,0,15.951801961674462,0.0,20.443746137936675,0.2267773844726798,17859.0,3
DEL MONTE 2103,1,0,0,0.0,0.0,20.443746137936675,0.2267773844726798,7738.0,3
DEL MONTE 2104,0,0,0,0.0,0.0,19.340437460521837,0.2032011225985541,4163.0,3
DEL MONTE 2105,0,0,0,0.0,0.0,20.443746137936675,0.2267773844726798,1740.0,3
DESCHUTES 1101,1,0,0,0.0,0.0,24.575400627449312,0.3262574649709499,992.5,2
DESCHUTES 1104,0,0,0,0.0,0.0,25.465916970697094,0.3499981930382247,2455.0,2
DIAMOND SPRINGS 1103,0,0,0,0.0,0.0,22.5829743354816,0.2760867842990335,2414.5,4
DIAMOND SPRINGS 1104,1,0,0,0.0,0.0,22.519322891510015,0.2745513366985055,6144.0,4
DIAMOND SPRINGS 1105,0,0,0,0.0,0.0,22.519322891510015,0.2745513366985055,4077.0,4
DIAMOND SPRINGS 1106,0,0,0,0.0,0.0,22.519322891510015,0.2745513366985055,5481.0,4
DIAMOND SPRINGS 1107,0,0,0,0.0,0.0,22.83959675305724,0.2823195895401679,2414.5,4
DIVIDE 1103,0,0,0,0.0,0.0,20.388877605322246,0.2255750163524807,494.0,0
DOBBINS 1101,0,0,0,0.0,0.0,22.862966427890175,0.2828905603553556,1506.0,4
DOLAN ROAD 1101,1,0,0,0.0,0.0,17.011258760999162,0.1575999437393208,7870.5,3
DRUM 1101,0,0,0,0.0,0.0,23.59497232415075,0.3010596472906772,566.6,4
DUNBAR 1101,0,0,0,0.0,0.0,20.17073239482795,0.2208255926691466,5482.0,1
DUNBAR 1102,0,0,0,0.0,0.0,19.39029749717926,0.2042392373719348,1228.5,1
DUNBAR 1103,0,0,0,0.0,0.0,20.530473572882418,0.2286842710575535,4440.5,1
DUNLAP 1102,1,0,0,0.0,0.0,23.933815029380508,0.3096566099210104,847.3333333333334,0
DUNLAP 1103,0,0,0,0.0,0.0,22.70782046285749,0.2791105485215894,1323.0,0
DUNNIGAN 1103,0,0,0,0.0,0.0,26.051927974428327,0.3660631788382711,898.1666666666666,1
EAST QUINCY 1101,1,0,0,0.0,0.0,23.30261270386447,0.2937368702956983,9362.5,4
ECHO SUMMIT 1101,1,0,1,21.910361847855583,0.0,21.910361847855583,0.2600728741042454,31174.0,4
EDENVALE 1102,0,0,0,0.0,0.0,26.475172815182688,0.3778839511669999,1162.3333333333333,3
EDENVALE 1103,1,0,0,0.0,0.0,26.475172815182688,0.3778839511669999,10746.0,3
EDENVALE 2105,0,0,0,0.0,0.0,26.475172815182688,0.3778839511669999,4234.0,3
EDENVALE 2113,0,0,0,0.0,0.0,26.475172815182688,0.3778839511669999,6245.0,3
EDES 1112,0,0,0,0.0,0.0,19.259500128968824,0.2015214756618519,6766.0,1
EEL RIVER 1102,0,0,0,0.0,0.0,27.617066076170687,0.410685344462549,1091.6666666666667,2
EEL RIVER 1103,0,0,0,0.0,0.0,28.547888432558366,0.4384029374374467,1091.6666666666667,2
EL CERRITO G 1105,0,0,0,0.0,0.0,16.575275175772045,0.1496956108818659,4640.0,1
EL CERRITO G 1108,0,0,0,0.0,0.0,16.575275175772045,0.1496956108818659,3945.0,1
EL CERRITO G 1110,0,0,0,0.0,0.0,16.575275175772045,0.1496956108818659,5830.0,1
EL CERRITO G 1111,0,0,0,0.0,0.0,16.023391143384483,0.1399765884292803,7261.0,1
EL CERRITO G 1112,0,0,0,0.0,0.0,16.023391143384483,0.1399765884292803,5051.0,1
EL CERRITO G 1113,0,0,0,0.0,0.0,16.575275175772045,0.1496956108818659,5670.0,1
EL DORADO PH 2101,1,0,1,23.50306898614847,0.0,23.50306898614847,0.2987482579906868,7921.0,4
EL DORADO PH 2102,1,0,0,0.0,0.0,23.50306898614847,0.2987482579906868,7299.0,4
ELECTRA 1101,0,0,0,0.0,0.0,22.67560938464009,0.2783288604046606,1615.5,4
ELECTRA 1102,0,0,0,0.0,0.0,23.65008682985254,0.3024499538851146,1615.5,4
ELK 1101,0,0,0,0.0,0.0,24.93636339813153,0.3357827473947533,2027.0,2
ELK CREEK 1101,0,0,0,0.0,0.0,29.222445085229506,0.4590376715248263,734.0,2
EMERALD LAKE 0401,0,0,0,0.0,0.0,20.843834250081297,0.2356392185843656,2231.0,1
EMERALD LAKE 0402,0,0,0,0.0,0.0,20.843834250081297,0.2356392185843656,2231.0,1
ESTUDILLO 0401,0,0,0,0.0,0.0,17.510523494689394,0.1668966065400982,2660.0,1
EUREKA E 1104,1,0,1,26.849983054733652,0.0,26.849983054733652,0.3885043460995194,9620.0,2
FAIRMOUNT 0401,0,0,0,0.0,0.0,16.575275175772045,0.1496956108818659,4294.0,1
FAIRVIEW 2207,0,0,0,0.0,0.0,17.333762376913697,0.1635752966400412,5047.0,1
FITCH MOUNTAIN 1111,0,0,0,0.0,0.0,19.828156857627324,0.213466907056236,7526.0,1
FITCH MOUNTAIN 1113,0,0,0,0.0,0.0,21.885448421145103,0.2594886950916922,9141.5,1
FLINT 1101,1,0,0,0.0,0.0,22.814345511799193,0.2817032805625278,9404.0,4
FLORENCE 0401,0,0,0,0.0,0.0,16.250904512769168,0.1439444178934331,1213.6666666666667,1
FOOTHILL 1101,0,0,0,0.0,0.0,20.587421243885977,0.2299406326958248,528.8,0
FOOTHILL 1102,1,0,1,20.685620065141297,0.0,20.685620065141297,0.2321149690781912,7850.0,0
FORESTHILL 1101,0,0,0,0.0,0.0,22.74838946417492,0.2800965857765601,4028.5,4
FORESTHILL 1102,0,0,0,0.0,0.0,22.594253837818428,0.2763593126636524,3214.5,4
FORT BRAGG A 1101,0,0,0,0.0,0.0,24.220562974440853,0.31702394955382,0.0,2
FORT BRAGG A 1102,0,0,0,0.0,0.0,25.190317545481044,0.3425641557480577,2984.0,2
FORT BRAGG A 1103,1,0,1,25.190317545481044,0.0,25.190317545481044,0.3425641557480577,7689.0,2
FORT BRAGG A 1104,1,0,0,0.0,0.0,24.220562974440853,0.31702394955382,4233.0,2
FORT ORD 2106,0,0,0,0.0,0.0,19.340437460521837,0.2032011225985541,7186.0,3
FORT ORD 2107,1,0,0,17.570920341181676,0.0,17.570920341181676,0.1680389590087835,9136.0,3
FORT ROSS 1121,0,0,0,0.0,0.0,20.650685293319643,0.2313402903508539,1472.0,1
FORT SEWARD 1121,0,0,0,0.0,0.0,23.677293028802698,0.3031374024568164,637.0,2
FORT SEWARD 1122,0,0,0,0.0,0.0,23.677293028802698,0.3031374024568164,637.0,2
FRANKLIN 1101,1,0,0,0.0,0.0,17.215638874170057,0.1613740386438863,9979.0,1
FRANKLIN 1102,0,0,0,0.0,0.0,17.215638874170057,0.1613740386438863,6827.0,1
FRANKLIN 1104,1,0,1,17.215638874170057,0.0,17.215638874170057,0.1613740386438863,13661.5,1
FREMONT 1104,1,0,0,0.0,0.0,21.055482077006616,0.2403942944545382,8501.0,3
FRENCH GULCH 1101,1,0,0,7.863652940425002,0.0,25.466662362367465,0.3500184045550564,7783.8,2
FRENCH GULCH 1102,0,0,0,0.0,0.0,25.466662362367465,0.3500184045550564,692.8,2
FROGTOWN 1701,0,0,0,0.0,0.0,22.888376204191022,0.2835120136844423,3839.0,4
FROGTOWN 1702,1,0,0,0.0,0.0,23.10178714395712,0.2887577067618585,6668.0,4
FRUITLAND 1141,0,0,0,0.0,0.0,28.606383170952903,0.4401740750983011,637.0,2
FRUITLAND 1142,0,0,0,0.0,0.0,25.90796830133353,0.3620841700848782,637.0,2
FULTON 1102,0,0,0,0.0,0.0,20.550077994453307,0.2291163977485995,1978.5,1
FULTON 1104,0,0,0,0.0,0.0,20.550077994453307,0.2291163977485995,6488.5,1
FULTON 1107,0,0,0,0.0,0.0,20.550077994453307,0.2291163977485995,5122.0,1
GABILAN 1101,0,0,0,0.0,0.0,20.35342363552096,0.2247997541704771,1321.3333333333333,3
GANSNER 1101,0,0,0,0.0,0.0,23.527254814857336,0.2993556950531337,3883.5,4
GARBERVILLE 1101,0,0,0,0.0,0.0,24.291811618366513,0.3188676084247825,637.0,2
GARBERVILLE 1102,0,0,0,0.0,0.0,25.581021440692236,0.3531260095113228,1638.0,2
GARBERVILLE 1103,0,0,0,0.0,0.0,24.553418087971377,0.3256816892661539,3111.0,2
GEYSERVILLE 1101,0,0,0,0.0,0.0,22.81061175244678,0.2816122061694724,1117.5,1
GEYSERVILLE 1102,0,0,0,0.0,0.0,21.885448421145103,0.2594886950916922,3399.0,1
GIRVAN 1101,0,0,0,0.0,0.0,26.34473732136233,0.3742215655702544,692.8,2
GIRVAN 1102,1,0,1,25.618814661191625,0.0,25.618814661191625,0.3541559433630867,54181.0,2
GLENN 1101,0,0,0,0.0,0.0,29.13943310991006,0.4564735151613715,2483.5,2
GOLDTREE 1105,1,0,0,0.0,0.0,20.685620065141297,0.2321149690781912,9101.0,0
GOLDTREE 1107,0,0,0,0.0,0.0,20.685620065141297,0.2321149690781912,5036.0,0
GOLDTREE 1108,1,0,0,0.0,0.0,20.685620065141297,0.2321149690781912,7778.0,0
GONZALES 1101,0,0,0,0.0,0.0,25.676854465386143,0.3557404737378214,1256.8,3
GONZALES 1104,0,0,0,0.0,0.0,25.696728347222773,0.3562838363203374,1256.8,3
GRASS VALLEY 1101,0,0,0,0.0,0.0,22.492568818855347,0.2739072022885732,3405.0,4
GRASS VALLEY 1102,0,0,0,0.0,0.0,22.153011840649405,0.2657961570865212,4718.0,4
GRASS VALLEY 1103,0,0,0,0.0,0.0,22.492568818855347,0.2739072022885732,2496.0,4
GRAYS FLAT 0401,0,0,0,0.0,0.0,23.527254814857336,0.2993556950531337,854.6666666666666,4
GREEN VALLEY 2101,0,0,0,0.0,0.0,19.446155578789757,0.2054053106682027,4919.5,3
GREENBRAE 1102,0,0,0,0.0,0.0,15.67576329901363,0.1340192451613259,3567.0,1
GREENBRAE 1103,0,0,0,0.0,0.0,15.67576329901363,0.1340192451613259,8821.0,1
GREENBRAE 1104,0,0,0,0.0,0.0,15.67576329901363,0.1340192451613259,2795.0,1
GUALALA 1111,0,0,0,0.0,0.0,25.249383950412877,0.3441508789483292,787.0,1
GUALALA 1112,0,0,0,0.0,0.0,26.12675815490922,0.3681398159938146,2218.0,1
HAAS 2101,0,0,0,0.0,0.0,21.713740602981986,0.2554798767734626,580.0,0
HALF MOON BAY 1101,0,0,0,0.0,0.0,19.815576039342556,0.2131989883061476,8460.0,1
HALF MOON BAY 1102,1,0,1,18.074907353602732,0.0,18.074907353602732,0.1777203718296654,12100.0,1
HALF MOON BAY 1103,0,0,0,0.0,0.0,24.33756151270852,0.3200541962921181,4299.0,3
HALSEY 1101,0,0,0,0.0,0.0,22.621282760350137,0.2770129026239901,4462.0,4
HALSEY 1102,0,0,0,0.0,0.0,22.621282760350137,0.2770129026239901,3026.0,4
HAMILTON BRANCH 1101,0,0,0,0.0,0.0,21.915169246713972,0.2601856735532823,1780.0,4
HARRIS 1108,1,0,0,0.0,0.0,26.849983054733652,0.3885043460995194,5496.0,2
HARRIS 1109,1,0,1,26.849983054733652,0.0,26.849983054733652,0.3885043460995194,6717.0,2
HARTLEY 1101,0,0,0,0.0,0.0,23.69670877038263,0.3036284661891196,1348.3333333333333,2
HARTLEY 1102,1,0,0,0.0,0.0,23.69670877038263,0.3036284661891196,4463.333333333333,2
HATTON 1101,0,0,0,0.0,0.0,23.75258422191569,0.3050438317572728,3620.5,3
HATTON 1102,1,0,0,0.0,0.0,23.594836412494615,0.3010562226717381,1021.5,3
HICKS 1115,1,0,0,0.0,0.0,27.475668599283576,0.4065517510377087,9469.0,3
HICKS 1116,0,0,0,0.0,0.0,27.475668599283576,0.4065517510377087,8031.0,3
HICKS 2101,1,0,0,8.49902490592196,0.0,27.475668599283576,0.4065517510377087,10408.0,3
HICKS 2103,1,0,0,11.374090055542386,0.0,27.475668599283576,0.4065517510377087,10978.0,3
HICKS 2105,0,0,0,0.0,0.0,27.475668599283576,0.4065517510377087,7276.0,3
HIGGINS 1103,0,0,0,0.0,0.0,22.464835267370724,0.2732402651827358,2807.0,4
HIGGINS 1104,1,0,0,0.0,0.0,22.492568818855347,0.2739072022885732,6977.0,4
HIGGINS 1107,0,0,0,0.0,0.0,22.621282760350137,0.2770129026239901,1933.0,4
HIGGINS 1109,0,0,0,0.0,0.0,23.00391477107962,0.286346157194703,2672.0,4
HIGGINS 1110,1,0,0,0.0,0.0,22.621282760350137,0.2770129026239901,6010.0,4
HIGHLANDS 1102,0,0,0,0.0,0.0,23.510250661348515,0.298928565946706,4757.0,1
HIGHLANDS 1103,0,0,0,0.0,0.0,22.91835847306948,0.2842461530799919,3414.0,1
HIGHLANDS 1104,0,0,0,0.0,0.0,22.91835847306948,0.2842461530799919,7627.0,1
HILLSDALE 0404,0,0,0,0.0,0.0,18.074907353602732,0.1777203718296654,2617.0,1
HOLLISTER 2102,0,0,0,0.0,0.0,19.3881159143162,0.2041937613763037,2710.5,3
HOLLISTER 2104,0,0,0,0.0,0.0,20.634513100301316,0.2309821006568838,2710.5,3
HOLLISTER 2105,1,0,0,0.0,0.0,24.630497608528508,0.3277027635579758,890.25,3
HOLLISTER 2106,0,0,0,0.0,0.0,20.634513100301316,0.2309821006568838,5581.25,3
HOLLYWOOD 0401,0,0,0,0.0,0.0,16.250904512769168,0.1439444178934331,7215.0,1
HONCUT 1102,0,0,0,0.0,0.0,25.07304827665251,0.3394244819807199,1198.0,4
HOOPA 1101,1,0,0,0.0,0.0,24.705238667297508,0.3296683347153371,4144.333333333333,2
HOPLAND 1101,0,0,0,0.0,0.0,23.802011218381832,0.3062985269619255,2053.0,1
HORSESHOE 1101,0,0,0,0.0,0.0,23.201422419268376,0.2912228233698059,1699.6666666666667,4
HORSESHOE 1104,1,0,0,8.849367268874618,0.0,23.201422419268376,0.2912228233698059,7257.0,4
HUMBOLDT BAY 1102,0,0,0,0.0,0.0,26.35301493556729,0.3744534704246011,2170.5,2
IGNACIO 1101,1,0,0,0.0,0.0,16.48482715178643,0.1480808142714946,10350.0,1
IGNACIO 1103,0,0,0,0.0,0.0,16.07054860197907,0.1407945370541865,6812.0,1
IGNACIO 1104,0,0,0,0.0,0.0,18.490222449422653,0.185898149054422,1483.0,1
IGNACIO 1105,0,0,0,0.0,0.0,16.48482715178643,0.1480808142714946,8458.0,1
INDIAN FLAT 1104,0,0,0,0.0,0.0,23.04280076126482,0.2873031168837457,944.0,4
IONE 1101,1,0,1,20.09563141183879,0.0,22.85912166308577,0.2827965859094257,9466.0,4
JAMESON 1102,0,0,0,0.0,0.0,18.385746669984208,0.1838239917685919,2633.5,1
JAMESON 1103,0,0,0,0.0,0.0,17.10997513934259,0.1594173733652279,7541.5,1
JAMESON 1105,0,0,0,0.0,0.0,18.385746669984208,0.1838239917685919,2482.0,1
JARVIS 1101,1,0,1,20.341101096536832,0.0,20.341101096536832,0.2245306063045106,15037.0,1
JARVIS 1108,0,0,0,0.0,0.0,20.341101096536832,0.2245306063045106,3409.0,1
JARVIS 1111,1,0,0,0.0,0.0,20.341101096536832,0.2245306063045106,11781.0,1
JESSUP 1101,0,0,0,0.0,0.0,26.34473732136233,0.3742215655702544,2713.0,2
JESSUP 1102,0,0,0,0.0,0.0,25.690355934905643,0.3561095672245616,2713.0,2
JESSUP 1103,1,0,0,0.0,0.0,25.690355934905643,0.3561095672245616,7331.5,2
JOLON 1102,0,0,0,0.0,0.0,27.781590227009303,0.4155205611264064,444.7142857142857,0
JOLON 1103,0,0,0,0.0,0.0,29.499854948026805,0.4676570580342966,444.7142857142857,3
KANAKA 1101,0,0,0,0.0,0.0,23.11286591510545,0.2890313061558083,888.75,4
KERCKHOFF 1101,0,0,0,0.0,0.0,22.701712145713717,0.2789622316604826,680.1666666666666,0
KERN OIL 1106,0,0,0,0.0,0.0,27.38024806977961,0.4037737131705554,681.5,0
KESWICK 1101,1,0,0,0.0,0.0,26.27134899162995,0.372168578941239,5329.8,2
KING CITY 1103,0,0,0,0.0,0.0,27.026468441690263,0.3935546331490793,1858.0,3
KIRKER 2104,1,0,0,10.546571155871886,0.0,19.751272067415037,0.2118321547367994,14948.0,1
KONOCTI 1102,0,0,0,0.0,0.0,23.144536669211632,0.2898141384422345,1763.0,1
KONOCTI 1108,0,0,0,0.0,0.0,22.511069630747787,0.2743525514107197,6716.0,1
LAKEVILLE 1102,0,0,0,0.0,0.0,19.63336402989252,0.2093371008886297,1483.0,1
LAKEWOOD 1102,0,0,0,0.0,0.0,19.644546748278643,0.2095731175025464,3644.0,1
LAKEWOOD 2107,0,0,0,0.0,0.0,19.644546748278643,0.2095731175025464,3508.0,1
LAKEWOOD 2109,0,0,0,0.0,0.0,19.11986024309112,0.1986396584880983,2320.0,1
LAKEWOOD 2110,0,0,0,0.0,0.0,19.11986024309112,0.1986396584880983,3555.0,1
LAKEWOOD 2224,0,0,0,0.0,0.0,19.11986024309112,0.1986396584880983,4045.0,1
LAKEWOOD 2227,0,0,0,0.0,0.0,19.11986024309112,0.1986396584880983,9044.0,1
LAMONT 1104,0,0,0,0.0,0.0,24.02416278504353,0.3119687848374832,500.42857142857144,0
LAS GALLINAS A 1104,1,0,0,16.48482715178643,0.0,16.48482715178643,0.1480808142714946,11035.0,1
LAS GALLINAS A 1105,0,0,0,0.0,0.0,16.48482715178643,0.1480808142714946,3153.0,1
LAS GALLINAS A 1106,0,0,0,0.0,0.0,16.07054860197907,0.1407945370541865,3153.0,1
LAS GALLINAS A 1107,0,0,0,0.0,0.0,16.07054860197907,0.1407945370541865,5058.0,1
LAS POSITAS 2108,0,0,0,0.0,0.0,19.367435405940817,0.2037629139079177,4695.0,3
LAS PULGAS 0401,0,0,0,0.0,0.0,20.843834250081297,0.2356392185843656,4733.0,1
LAURELES 1111,0,0,0,0.0,0.0,26.140846146436232,0.3685314152467749,2558.0,3
LAURELES 1112,0,0,0,0.0,0.0,23.75258422191569,0.3050438317572728,3631.0,3
LAYTONVILLE 1101,0,0,0,0.0,0.0,23.45138772430943,0.2974522775653517,2133.5,2
LAYTONVILLE 1102,0,0,0,0.0,0.0,23.208062664524736,0.291387475538082,2133.5,2
LINCOLN 1101,1,0,0,0.0,0.0,23.62668638897395,0.3018592780508104,6340.0,4
LINCOLN 1104,0,0,0,0.0,0.0,23.62668638897395,0.3018592780508104,3129.0,4
LINCOLN 2109,1,0,0,0.0,0.0,23.62668638897395,0.3018592780508104,6357.0,4
LIVERMORE 1104,0,0,0,0.0,0.0,19.367435405940817,0.2037629139079177,6435.0,1
LLAGAS 2101,0,0,0,0.0,0.0,20.568340764662032,0.2295193102238172,1177.0,3
LLAGAS 2103,1,0,0,0.0,0.0,19.941198099187467,0.2158815974937743,7643.0,3
LLAGAS 2104,0,0,0,0.0,0.0,18.85986941173103,0.1933282705909671,3895.5,3
LLAGAS 2105,1,0,1,18.85986941173103,0.0,18.85986941173103,0.1933282705909671,19946.0,3
LLAGAS 2106,0,0,0,0.0,0.0,18.85986941173103,0.1933282705909671,1177.0,3
LLAGAS 2107,1,0,0,0.0,0.0,19.941198099187467,0.2158815974937743,13659.5,3
LOGAN CREEK 2102,1,0,0,0.0,0.0,29.548029987291088,0.4691618169150381,734.0,2
LONE TREE 2105,0,0,0,0.0,0.0,21.16337737480487,0.242836234722468,4700.0,1
LOS COCHES 1101,0,0,0,0.0,0.0,26.53692219716288,0.3796238031769783,1418.0,3
LOS GATOS 1101,0,0,0,0.0,0.0,27.807212977706826,0.4162760622487171,3012.0,3
LOS GATOS 1102,0,0,0,0.0,0.0,27.807212977706826,0.4162760622487171,2077.0,3
LOS GATOS 1106,0,0,0,0.0,0.0,27.807212977706826,0.4162760622487171,2092.5,3
LOS GATOS 1107,0,0,0,0.0,0.0,22.693609524155743,0.2787655501751225,5671.5,3
LOS GATOS 1108,0,0,0,0.0,0.0,27.807212977706826,0.4162760622487171,4870.0,3
LOS MOLINOS 1101,0,0,0,0.0,0.0,25.569755507750603,0.3528192746648293,1167.5,2
LOS OSITOS 2102,1,0,0,0.0,0.0,25.926609412243156,0.3625982139666927,823.4,3
LOS OSITOS 2103,1,0,0,0.0,0.0,29.37546307634921,0.4637824784244976,9216.0,3
LOW GAP 1101,1,0,0,1.645834137229725,0.0,25.496809618832835,0.3508363321982476,7007.0,2
LOYOLA 1102,0,0,0,0.0,0.0,25.07216894650253,0.3394009926369153,4702.0,3
LUCERNE 1103,1,0,0,0.0,0.0,21.784640989564956,0.2571314755441321,4543.0,2
LUCERNE 1106,0,0,0,0.0,0.0,22.511069630747787,0.2743525514107197,3416.0,1
MADISON 1105,0,0,0,0.0,0.0,24.360764059202133,0.3206568073149389,1903.0,1
MADISON 2101,0,0,0,0.0,0.0,24.82393031890881,0.3328014944176402,1903.0,1
MAGUNDEN 1108,0,0,0,0.0,0.0,27.38024806977961,0.4037737131705554,1871.5,0
MAPLE CREEK 1101,0,0,0,0.0,0.0,28.062649434830803,0.4238441515438116,1713.6666666666667,2
MARIPOSA 2101,1,0,0,0.0,0.0,22.094695388796193,0.2644151197258788,6633.0,4
MARIPOSA 2102,0,0,0,0.0,0.0,21.33248008484035,0.2466877103229222,1309.5,0
MARTELL 1101,0,0,0,0.0,0.0,22.60227727972042,0.2765532499591941,1578.0,4
MARTELL 1102,0,0,0,0.0,0.0,22.60227727972042,0.2765532499591941,5146.0,4
MARTELL 1103,0,0,0,0.0,0.0,22.60227727972042,0.2765532499591941,2148.5,4
MAXWELL 1105,0,0,0,0.0,0.0,28.400663361239,0.4339604978486582,567.5,2
MC ARTHUR 1101,0,0,0,0.0,0.0,22.081959104332164,0.2641139691321262,802.25,2
MC ARTHUR 1102,0,0,0,0.0,0.0,22.710966576420653,0.2791869547294519,802.25,2
MC KEE 1103,1,0,0,0.0,0.0,25.183425718708115,0.3423792504350225,15455.5,3
MC KEE 1107,1,0,1,20.21540144328755,0.0,25.183425718708115,0.3423792504350225,12669.5,3
MC KEE 1108,1,0,0,0.0,0.0,26.95099987117274,0.3913911555777943,10339.0,3
MC KEE 1111,0,0,0,0.0,0.0,25.183425718708115,0.3423792504350225,4896.0,3
MC KEE 1112,1,0,1,19.41684975948559,0.0,25.183425718708115,0.3423792504350225,23902.0,3
MEADOW LANE 2106,1,0,0,0.0,0.0,19.644546748278643,0.2095731175025464,12758.0,1
MENDOCINO 1101,1,0,0,0.0,0.0,23.03068628593591,0.2870048203027012,3009.0,2
MENLO 1102,0,0,0,0.0,0.0,23.96860432823214,0.3105459436101542,6846.0,3
MENLO 1103,0,0,0,0.0,0.0,23.96860432823214,0.3105459436101542,1479.5,3
MERCED FALLS 1102,0,0,0,0.0,0.0,23.48565349356863,0.2983112331757241,1603.0,4
MESA 1101,1,0,0,0.0,0.0,21.43127887197908,0.248951649255116,6564.0,0
MESA 1103,1,0,1,20.34751517031272,0.0,20.34751517031272,0.2246706822885058,13501.0,0
MIDDLETOWN 1101,0,0,0,0.0,0.0,22.246381532268167,0.2680146295665169,3592.5,1
MIDDLETOWN 1102,0,0,0,0.0,0.0,22.02908136849982,0.2628654620955495,3605.0,1
MIDDLETOWN 1103,0,0,0,0.0,0.0,21.642783262883956,0.2538321555350423,2056.5,1
MILPITAS 1105,0,0,0,0.0,0.0,22.670989533252616,0.2782168350347425,5059.0,3
MILPITAS 1108,0,0,0,0.0,0.0,22.670989533252616,0.2782168350347425,5350.0,3
MILPITAS 1109,0,0,0,0.0,0.0,22.670989533252616,0.2782168350347425,4869.0,3
MIRABEL 1101,0,0,0,0.0,0.0,19.396299133079868,0.2043643695312385,4142.0,1
MIRABEL 1102,0,0,0,0.0,0.0,19.828156857627324,0.213466907056236,3382.0,1
MIWUK 1701,0,0,0,0.0,0.0,22.14754912164496,0.2656666411003039,2570.0,4
MIWUK 1702,0,0,0,0.0,0.0,22.14754912164496,0.2656666411003039,2455.0,4
MOLINO 1101,0,0,0,0.0,0.0,19.88532506051903,0.2146864242870259,7233.0,1
MOLINO 1102,0,0,0,0.0,0.0,19.396299133079868,0.2043643695312385,5243.0,1
MOLINO 1104,1,0,0,0.0,0.0,19.88532506051903,0.2146864242870259,10766.0,1
MONROE 2103,0,0,0,0.0,0.0,20.550077994453307,0.2291163977485995,1709.0,1
MONROE 2107,0,0,0,0.0,0.0,18.98580430626861,0.1958922070110017,7320.0,1
MONTE RIO 1111,0,0,0,0.0,0.0,20.89102341745288,0.2366953916457256,2244.0,1
MONTE RIO 1112,0,0,0,0.0,0.0,19.396299133079868,0.2043643695312385,1696.0,1
MONTE RIO 1113,0,0,0,0.0,0.0,20.66541143740245,0.231666688288823,3860.0,1
MONTICELLO 1101,0,0,0,0.0,0.0,20.37880775232044,0.2253546889312736,2478.0,1
MORAGA 1101,0,0,0,0.0,0.0,16.575275175772045,0.1496956108818659,1958.0,1
MORAGA 1102,0,0,0,0.0,0.0,19.259500128968824,0.2015214756618519,8566.0,1
MORAGA 1103,0,0,0,0.0,0.0,19.259500128968824,0.2015214756618519,6266.0,1
MORAGA 1104,0,0,0,0.0,0.0,19.259500128968824,0.2015214756618519,6224.0,1
MORAGA 1105,0,0,0,0.0,0.0,19.259500128968824,0.2015214756618519,8283.0,1
MORGAN HILL 2104,1,0,0,6.377033467336551,0.0,21.86498899759856,0.2590094348382398,12740.0,3
MORGAN HILL 2105,0,0,0,0.0,0.0,21.86498899759856,0.2590094348382398,4790.0,3
MORGAN HILL 2106,0,0,0,0.0,0.0,21.86498899759856,0.2590094348382398,5136.0,3
MORGAN HILL 2109,1,0,0,0.0,0.0,21.86498899759856,0.2590094348382398,14297.0,3
MORGAN HILL 2110,1,0,1,21.86498899759856,0.0,21.86498899759856,0.2590094348382398,11671.0,3
MORGAN HILL 2111,0,0,0,0.0,0.0,24.74164492997248,0.3306278340733424,6516.0,3
MORRO BAY 1101,1,0,0,15.42672249161589,0.0,19.7228371980578,0.211229120188794,10981.0,0
MORRO BAY 1102,1,0,1,20.587421243885977,0.0,20.587421243885977,0.2299406326958248,14088.0,0
MOUNTAIN QUARRIES 2101,0,0,0,0.0,0.0,22.58793931341565,0.2762067288630574,4141.0,4
NAPA 1102,0,0,0,0.0,0.0,18.197742138185266,0.180120273870399,8036.0,1
NAPA 1112,0,0,0,0.0,0.0,18.82526257963291,0.1926266008609071,5485.5,1
NARROWS 2101,0,0,0,0.0,0.0,23.34834712749747,0.2948765873061975,1967.5,4
NARROWS 2102,1,0,0,0.0,0.0,22.649692552139356,0.2777006955318791,5932.0,4
NARROWS 2105,0,0,0,0.0,0.0,22.649692552139356,0.2777006955318791,5090.0,4
NEWBURG 1131,1,0,0,0.0,0.0,27.617066076170687,0.410685344462549,4625.0,2
NEWBURG 1132,1,0,0,0.0,0.0,27.617066076170687,0.410685344462549,4725.0,2
NEWBURG 1133,1,0,0,0.0,0.0,27.617066076170687,0.410685344462549,4910.0,2
NORTH DUBLIN 2101,0,0,0,0.0,0.0,20.48714395740351,0.227730601560125,5122.0,1
NORTH DUBLIN 2103,1,0,0,0.0,0.0,20.48714395740351,0.227730601560125,9846.0,1
NOTRE DAME 1103,0,0,0,0.0,0.0,25.604774543783392,0.353773154364538,2799.0,4
NOTRE DAME 1104,0,0,0,0.0,0.0,25.604774543783392,0.353773154364538,1246.6666666666667,4
NOVATO 1101,0,0,0,0.0,0.0,16.48482715178643,0.1480808142714946,9307.0,1
NOVATO 1102,0,0,0,0.0,0.0,17.722120637459966,0.1709155374520868,2587.0,1
NOVATO 1104,0,0,0,0.0,0.0,17.722120637459966,0.1709155374520868,2682.0,1
OAK 0401,0,0,0,0.0,0.0,16.575275175772045,0.1496956108818659,2737.0,1
OAKHURST 1101,0,0,0,0.0,0.0,21.988862234277615,0.2619177737927693,2325.0,0
OAKHURST 1102,0,0,0,0.0,0.0,21.93234411399946,0.260588854858123,2167.5,0
OAKHURST 1103,0,0,0,0.0,0.0,21.93234411399946,0.260588854858123,2325.0,0
OAKLAND D 1112,0,0,0,0.0,0.0,16.250904512769168,0.1439444178934331,2001.0,1
OAKLAND D 1134,0,0,0,0.0,0.0,16.250904512769168,0.1439444178934331,488.0,1
OAKLAND J 1102,0,0,0,0.0,0.0,16.250904512769168,0.1439444178934331,6920.0,1
OAKLAND J 1105,1,0,0,17.885264921907535,0.0,19.259500128968824,0.2015214756618519,11183.0,1
OAKLAND J 1106,1,0,0,0.0,0.0,19.259500128968824,0.2015214756618519,9679.0,1
OAKLAND J 1116,0,0,0,0.0,0.0,16.250904512769168,0.1439444178934331,8452.0,1
OAKLAND J 1118,0,0,0,0.0,0.0,19.259500128968824,0.2015214756618519,8411.5,1
OAKLAND K 1101,0,0,0,0.0,0.0,16.250904512769168,0.1439444178934331,6254.0,1
OAKLAND K 1102,0,0,0,0.0,0.0,16.250904512769168,0.1439444178934331,5621.0,1
OAKLAND K 1103,0,0,0,0.0,0.0,16.250904512769168,0.1439444178934331,4629.666666666667,1
OAKLAND K 1104,0,0,0,0.0,0.0,16.250904512769168,0.1439444178934331,6194.0,1
OAKLAND X 1101,0,0,0,0.0,0.0,16.250904512769168,0.1439444178934331,2121.3333333333335,1
OAKLAND X 1104,0,0,0,0.0,0.0,16.250904512769168,0.1439444178934331,4551.0,1
OAKLAND X 1105,0,0,0,0.0,0.0,16.250904512769168,0.1439444178934331,5567.0,1
OAKLAND X 1106,0,0,0,0.0,0.0,19.259500128968824,0.2015214756618519,6199.0,1
OCEANO 1102,1,0,0,0.0,0.0,20.34751517031272,0.2246706822885058,5987.0,0
OCEANO 1103,1,0,0,0.0,0.0,20.828931024511572,0.2353061390366815,6856.0,0
OCEANO 1104,0,0,0,0.0,0.0,20.828931024511572,0.2353061390366815,3755.0,0
OCEANO 1105,1,0,0,0.0,0.0,21.32210643390143,0.2464505880039955,6619.0,0
OCEANO 1106,1,0,0,0.0,0.0,20.34751517031272,0.2246706822885058,9519.0,0
OILFIELDS 1103,0,0,0,0.0,0.0,26.191065124351876,0.3699289820221261,444.7142857142857,0
OILFIELDS 2110,0,0,0,0.0,0.0,25.347322865357818,0.3467897105162852,3618.0,0
OLEMA 1101,0,0,0,0.0,0.0,19.61025997879321,0.2088498911430475,1824.0,1
OLETA 1101,0,0,0,0.0,0.0,22.85912166308577,0.2827965859094257,1578.0,4
OLETA 1102,0,0,0,0.0,0.0,22.61908308652726,0.2769596838621945,1768.0,4
OREGON TRAIL 1102,1,0,0,15.233101913911558,0.0,25.800818742948376,0.3591363108037372,28098.0,2
OREGON TRAIL 1103,0,0,0,0.0,0.0,25.339305366664146,0.3465733213370083,3752.0,2
OREGON TRAIL 1104,1,0,1,23.61036888724355,0.0,25.465916970697094,0.3499981930382247,21659.0,2
ORO FINO 1101,1,0,0,0.0,0.0,25.271378448901995,0.3447426370613786,8501.0,4
OROSI 1102,0,0,0,0.0,0.0,23.66026312739993,0.3027070003970197,847.3333333333334,0
OTTER 1101,0,0,0,0.0,0.0,27.62077928914696,0.4107941694754966,737.0,3
OTTER 1102,0,0,0,0.0,0.0,26.502823718415303,0.3786625635045432,737.0,3
PACIFIC GROVE 0422,0,0,0,0.0,0.0,20.443746137936675,0.2267773844726798,2533.0,3
PACIFICA 1101,0,0,0,0.0,0.0,17.158507924836123,0.1603146417140505,5561.0,1
PACIFICA 1102,0,0,0,0.0,0.0,17.158507924836123,0.1603146417140505,7903.0,1
PACIFICA 1103,0,0,0,0.0,0.0,17.158507924836123,0.1603146417140505,6568.0,1
PACIFICA 1104,0,0,0,0.0,0.0,17.158507924836123,0.1603146417140505,3966.0,1
PALMER 1101,0,0,0,0.0,0.0,24.328018559514508,0.3198065092034678,2813.0,0
PALO SECO 0401,0,0,0,0.0,0.0,16.250904512769168,0.1439444178934331,1982.0,1
PANOCHE 1103,0,0,0,0.0,0.0,27.644455013170028,0.4114883749714276,890.25,3
PANORAMA 1101,0,0,0,0.0,0.0,25.433456702593276,0.3491185739346266,2789.5,2
PANORAMA 1102,0,0,0,0.0,0.0,25.433456702593276,0.3491185739346266,2789.5,2
PARADISE 1102,0,0,0,0.0,0.0,25.340753464617467,0.3466124000766292,443.0,4
PARADISE 1103,0,0,0,0.0,0.0,25.340753464617467,0.3466124000766292,1825.5,4
PARADISE 1104,0,0,0,0.0,0.0,24.518159292294175,0.3247592105595428,443.0,4
PARADISE 1105,0,0,0,0.0,0.0,25.271378448901995,0.3447426370613786,1787.0,4
PARADISE 1106,0,0,0,0.0,0.0,25.340753464617467,0.3466124000766292,1515.0,4
PASO ROBLES 1103,0,0,0,0.0,0.0,21.83424589697603,0.2582900937971504,1410.75,0
PASO ROBLES 1104,0,0,0,0.0,0.0,21.83424589697603,0.2582900937971504,1410.75,0
PASO ROBLES 1107,0,0,0,0.0,0.0,21.98978622695036,0.2619395271884119,5413.0,0
PAUL SWEET 2102,1,0,0,15.089097250516735,0.0,20.589618383991663,0.2299891727424387,12472.0,3
PAUL SWEET 2104,0,0,0,0.0,0.0,20.589618383991663,0.2299891727424387,7251.0,3
PAUL SWEET 2105,1,0,0,2.1734970329193186,0.0,20.589618383991663,0.2299891727424387,15164.0,3
PAUL SWEET 2106,0,0,0,0.0,0.0,20.80668007149137,0.2348092701356653,5135.0,3
PAUL SWEET 2107,1,0,0,0.0,0.0,20.589618383991663,0.2299891727424387,8951.0,3
PAUL SWEET 2109,1,0,1,20.80668007149137,0.0,20.80668007149137,0.2348092701356653,10145.0,3
PEABODY 2106,1,0,1,17.894998537224012,0.0,17.894998537224012,0.174233868265039,12468.0,1
PEABODY 2108,1,0,0,0.0,0.0,17.894998537224012,0.174233868265039,10170.0,1
PEABODY 2113,0,0,0,0.0,0.0,17.894998537224012,0.174233868265039,6939.0,1
PENNGROVE 1101,0,0,0,0.0,0.0,19.63336402989252,0.2093371008886297,3180.5,1
PENRYN 1103,0,0,0,0.0,0.0,23.32603411665231,0.2943202708546338,1905.5,4
PENRYN 1105,0,0,0,0.0,0.0,23.32603411665231,0.2943202708546338,2748.0,4
PENRYN 1106,1,0,1,23.201422419268376,0.0,23.201422419268376,0.2912228233698059,7431.0,4
PENRYN 1107,0,0,0,0.0,0.0,23.201422419268376,0.2912228233698059,1905.5,4
PEORIA 1701,0,0,0,0.0,0.0,21.28835025689198,0.2456797558945157,1541.0,4
PEORIA 1704,1,0,0,0.0,0.0,22.664436333096138,0.2780579662201609,7253.0,4
PEORIA 1705,1,0,0,0.0,0.0,21.54352997200602,0.2515361024586542,6498.333333333333,4
PERRY 1101,1,0,0,0.0,0.0,21.032478248860222,0.2398752202873074,6213.8,0
PERRY 1104,0,0,0,0.0,0.0,21.578588473367542,0.2523459561463123,528.8,0
PETALUMA C 1108,0,0,0,0.0,0.0,18.156836132436815,0.1793193144098576,4855.0,1
PETALUMA C 1109,0,0,0,0.0,0.0,17.722120637459966,0.1709155374520868,5187.0,1
PHILO 1101,0,0,0,0.0,0.0,25.51462569893567,0.3513201382556226,1791.0,2
PHILO 1102,0,0,0,0.0,0.0,23.43003086694136,0.2969175263142403,1791.0,2
PIERCY 2110,0,0,0,0.0,0.0,26.475172815182688,0.3778839511669999,5435.0,3
PIKE CITY 1101,0,0,0,0.0,0.0,23.359455793148783,0.2951537437367796,1062.3333333333333,4
PIKE CITY 1102,0,0,0,0.0,0.0,23.359455793148783,0.2951537437367796,1618.0,4
PINE GROVE 1101,0,0,0,0.0,0.0,22.67560938464009,0.2783288604046606,4928.0,4
PINE GROVE 1102,0,0,0,0.0,0.0,23.53213033437865,0.2994782185743033,2004.5,4
PINECREST 0401,0,0,0,0.0,0.0,24.423865592095353,0.3222984573549889,657.0,4
PIT NO 1 1101,0,0,0,0.0,0.0,22.6016395990065,0.2765378339373483,802.25,2
PIT NO 3 2101,0,0,0,0.0,0.0,22.829420563971276,0.2820711394799992,2663.666666666667,2
PIT NO 5 1101,0,0,0,0.0,0.0,23.395694061605965,0.2960587553979231,2813.333333333333,2
PIT NO 7 1101,0,0,0,0.0,0.0,24.268838315195183,0.3182725731026815,1115.3333333333333,2
PLACER 1101,0,0,0,0.0,0.0,22.814345511799193,0.2817032805625278,1121.0,4
PLACER 1102,0,0,0,0.0,0.0,22.814345511799193,0.2817032805625278,1546.3333333333333,4
PLACER 1103,0,0,0,0.0,0.0,22.814345511799193,0.2817032805625278,3806.0,4
PLACER 1104,0,0,0,0.0,0.0,22.814345511799193,0.2817032805625278,1546.3333333333333,4
PLACERVILLE 1109,0,0,0,0.0,0.0,22.5829743354816,0.2760867842990335,5634.0,4
PLACERVILLE 1110,0,0,0,22.5829743354816,0.0,22.5829743354816,0.2760867842990335,6314.0,4
PLACERVILLE 1111,0,0,0,0.0,0.0,22.5829743354816,0.2760867842990335,2578.5,4
PLACERVILLE 1112,0,0,0,0.0,0.0,22.5829743354816,0.2760867842990335,2578.5,4
PLACERVILLE 2106,0,0,0,0.0,0.0,23.066887714551424,0.2878966625529443,5097.0,4
POINT ARENA 1101,0,0,0,0.0,0.0,26.61542407619655,0.3818412801165574,2218.0,2
POINT MORETTI 1101,0,0,0,0.0,0.0,24.77797765532581,0.3315867486782396,4680.0,3
POSO MOUNTAIN 2101,0,0,0,0.0,0.0,28.945408152891336,0.4505074308001375,1606.0,0
POSO MOUNTAIN 2103,0,0,0,0.0,0.0,28.977612588140527,0.4514950537733886,5183.0,0
POSO MOUNTAIN 2104,1,0,0,0.0,0.0,28.977612588140527,0.4514950537733886,681.5,0
POTTER VALLEY P H 1105,0,0,0,0.0,0.0,21.847865031570453,0.2586086399739968,1849.0,2
PRUNEDALE 1110,0,0,0,0.0,0.0,17.44374566258775,0.1656380134899812,4827.0,3
PUEBLO 1104,0,0,0,0.0,0.0,20.37880775232044,0.2253546889312736,1354.5,1
PUEBLO 1105,0,0,0,0.0,0.0,20.37880775232044,0.2253546889312736,1354.5,1
PUEBLO 2102,0,0,0,0.0,0.0,18.9296997314464,0.1947479178877182,5786.0,1
PUEBLO 2103,0,0,0,0.0,0.0,18.197742138185266,0.180120273870399,905.5,1
PUEBLO 2104,0,0,0,0.0,0.0,18.9296997314464,0.1947479178877182,2350.0,1
PURISIMA 1101,1,0,0,3.622644419993462,0.0,23.046175940722403,0.2873862513608943,9810.0,0
PUTAH CREEK 1102,0,0,0,0.0,0.0,22.65215737067704,0.277760407311256,693.0,1
PUTAH CREEK 1103,0,0,0,0.0,0.0,22.65215737067704,0.277760407311256,6571.666666666667,1
PUTAH CREEK 1105,0,0,0,0.0,0.0,22.65215737067704,0.277760407311256,693.0,1
RACETRACK 1703,0,0,0,0.0,0.0,22.403579659737364,0.2717700005826873,4276.333333333333,4
RACETRACK 1704,0,0,0,0.0,0.0,21.54352997200602,0.2515361024586542,996.3333333333334,4
RALSTON 1101,0,0,0,0.0,0.0,18.074907353602732,0.1777203718296654,5790.0,1
RALSTON 1102,0,0,0,0.0,0.0,19.815576039342556,0.2131989883061476,7261.0,1
RAWSON 1103,0,0,0,0.0,0.0,25.919776205600066,0.3624097415386391,1167.5,2
RED BLUFF 1101,0,0,0,0.0,0.0,26.46955431519783,0.3777258369434584,2799.0,2
RED BLUFF 1103,0,0,0,0.0,0.0,25.919776205600066,0.3624097415386391,2799.0,2
RED BLUFF 1104,0,0,0,0.0,0.0,25.919776205600066,0.3624097415386391,3775.0,2
RED BLUFF 1105,1,0,1,25.919776205600066,0.0,25.919776205600066,0.3624097415386391,5813.0,2
REDBUD 1101,0,0,0,0.0,0.0,23.510250661348515,0.298928565946706,2078.0,1
REDBUD 1102,0,0,0,0.0,0.0,23.510250661348515,0.298928565946706,6916.0,1
REEDLEY 1104,0,0,0,0.0,0.0,24.046950780881307,0.312553297325423,1190.5,0
REEDLEY 1112,1,0,1,24.632149345943564,0.0,24.632149345943564,0.3277461397908853,10784.0,0
RESEARCH 2102,0,0,0,0.0,0.0,19.701189026052603,0.2107705791310155,7449.0,1
RESERVATION ROAD 1101,0,0,0,0.0,0.0,22.406462914795096,0.2718391180043679,3500.0,3
RESERVATION ROAD 1102,0,0,0,0.0,0.0,22.406462914795096,0.2718391180043679,7468.0,3
RIDGE 0401,0,0,0,0.0,0.0,16.575275175772045,0.1496956108818659,3745.0,1
RIDGE 0402,0,0,0,0.0,0.0,16.575275175772045,0.1496956108818659,3836.0,1
RINCON 1101,0,0,0,0.0,0.0,19.276547544275537,0.2018746836120796,4146.0,1
RINCON 1102,1,0,0,0.0,0.0,20.530473572882418,0.2286842710575535,9898.0,1
RINCON 1103,0,0,0,0.0,0.0,19.276547544275537,0.2018746836120796,6554.0,1
RINCON 1104,0,0,0,0.0,0.0,18.98580430626861,0.1958922070110017,8979.0,1
RIO DELL 1102,1,0,0,0.0,0.0,26.39516819524284,0.3756355152069995,5815.666666666667,2
RISING RIVER 1101,0,0,0,0.0,0.0,22.381003935481925,0.2712291115907247,802.25,2
ROB ROY 2104,0,0,0,0.0,0.0,20.80668007149137,0.2348092701356653,7305.0,3
ROB ROY 2105,1,0,0,16.827640316143835,0.0,20.80668007149137,0.2348092701356653,12676.0,3
ROSSMOOR 1101,0,0,0,0.0,0.0,19.644546748278643,0.2095731175025464,4835.0,1
ROSSMOOR 1102,0,0,0,0.0,0.0,19.701189026052603,0.2107705791310155,5011.0,1
ROSSMOOR 1103,0,0,0,0.0,0.0,19.259500128968824,0.2015214756618519,1964.0,1
ROSSMOOR 1104,0,0,0,0.0,0.0,19.644546748278643,0.2095731175025464,1791.3333333333333,1
ROSSMOOR 1106,0,0,0,0.0,0.0,19.644546748278643,0.2095731175025464,8127.5,1
ROSSMOOR 1107,0,0,0,0.0,0.0,19.11986024309112,0.1986396584880983,3597.0,1
ROSSMOOR 1108,0,0,0,0.0,0.0,19.259500128968824,0.2015214756618519,2976.5,1
ROSSMOOR 1109,0,0,0,0.0,0.0,19.259500128968824,0.2015214756618519,3344.0,1
SALMON CREEK 1101,0,0,0,0.0,0.0,19.040909752843657,0.1970193143625978,1665.0,1
SALT SPRINGS 2101,0,0,0,0.0,0.0,25.082689589936862,0.3396820800500114,2271.0,4
SALT SPRINGS 2102,0,0,0,0.0,0.0,24.1459562625942,0.3150989775759302,379.0,4
SAN ARDO 1101,0,0,0,0.0,0.0,27.48862927728706,0.4069297966306772,444.7142857142857,0
SAN ARDO 1102,0,0,0,0.0,0.0,23.875992180468497,0.3081812091159886,444.7142857142857,0
SAN BENITO 2101,0,0,0,0.0,0.0,20.07194889049356,0.2186911576361511,1682.25,3
SAN BENITO 2104,0,0,0,0.0,0.0,17.44374566258775,0.1656380134899812,1682.25,3
SAN BERNARD 1101,0,0,0,0.0,0.0,26.47197777978841,0.377794033448955,701.6,0
SAN CARLOS 1103,0,0,0,0.0,0.0,20.843834250081297,0.2356392185843656,3068.0,1
SAN CARLOS 1104,0,0,0,0.0,0.0,20.843834250081297,0.2356392185843656,7328.0,1
SAN JOAQUIN #2 1103,0,0,0,0.0,0.0,22.033447201665417,0.2629684352894622,680.1666666666666,0
SAN JOAQUIN #3 1101,0,0,0,0.0,0.0,22.19659749781724,0.2668306361783457,680.1666666666666,0
SAN JOAQUIN #3 1102,0,0,0,0.0,0.0,22.94017985542179,0.2847810489905386,680.1666666666666,0
SAN JOAQUIN #3 1103,0,0,0,0.0,0.0,22.94017985542179,0.2847810489905386,2250.1666666666665,0
SAN JUSTO 1101,0,0,0,0.0,0.0,20.07194889049356,0.2186911576361511,1682.25,3
SAN LEANDRO U 1109,0,0,0,0.0,0.0,17.510523494689394,0.1668966065400982,3031.0,1
SAN LEANDRO U 1114,0,0,0,0.0,0.0,17.510523494689394,0.1668966065400982,8299.0,1
SAN LUIS OBISPO 1101,0,0,0,0.0,0.0,20.685620065141297,0.2321149690781912,1642.0,0
SAN LUIS OBISPO 1102,1,0,0,0.0,0.0,20.685620065141297,0.2321149690781912,10749.0,0
SAN LUIS OBISPO 1103,0,0,0,0.0,0.0,20.828931024511572,0.2353061390366815,1230.0,0
SAN LUIS OBISPO 1104,0,0,0,0.0,0.0,20.828931024511572,0.2353061390366815,1230.0,0
SAN LUIS OBISPO 1105,1,0,1,20.685620065141297,0.0,20.685620065141297,0.2321149690781912,12262.0,0
SAN LUIS OBISPO 1107,0,0,0,0.0,0.0,21.32210643390143,0.2464505880039955,4334.0,0
SAN LUIS OBISPO 1108,0,0,0,0.0,0.0,20.685620065141297,0.2321149690781912,3824.0,0
SAN MIGUEL 1105,0,0,0,0.0,0.0,24.4280473068062,0.322407393116197,1410.75,0
SAN MIGUEL 1106,0,0,0,0.0,0.0,25.34092400781948,0.3466170025399421,444.7142857142857,0
SAN MIGUEL 1107,0,0,0,0.0,0.0,24.4280473068062,0.322407393116197,1620.5,0
SAN RAFAEL 1101,1,0,0,15.871875936075876,0.0,15.871875936075876,0.1373643997419741,12018.0,1
SAN RAFAEL 1104,0,0,0,0.0,0.0,15.871875936075876,0.1373643997419741,7489.0,1
SAN RAFAEL 1105,0,0,0,0.0,0.0,15.67576329901363,0.1340192451613259,5389.0,1
SAN RAFAEL 1106,0,0,0,0.0,0.0,15.67576329901363,0.1340192451613259,8645.0,1
SAN RAFAEL 1107,0,0,0,0.0,0.0,15.67576329901363,0.1340192451613259,6170.0,1
SAN RAFAEL 1108,0,0,0,0.0,0.0,15.871875936075876,0.1373643997419741,8395.0,1
SAN RAFAEL 1109,1,0,0,15.67576329901363,0.0,15.67576329901363,0.1340192451613259,11842.0,1
SAN RAFAEL 1110,0,0,0,0.0,0.0,15.67576329901363,0.1340192451613259,5820.0,1
SAN RAMON 2101,1,0,0,16.658710540812713,0.0,21.05339479745406,0.240347173025803,19482.0,1
SAN RAMON 2102,1,0,0,5.111859042104841,0.0,20.48714395740351,0.227730601560125,13951.0,1
SAN RAMON 2106,1,0,0,7.56523034904337,0.0,20.48714395740351,0.227730601560125,15802.0,1
SAN RAMON 2107,0,0,0,0.0,0.0,19.79224610222965,0.2127025941210747,5754.0,1
SAN RAMON 2108,1,0,1,19.701189026052603,0.0,19.701189026052603,0.2107705791310155,16552.0,1
SAN RAMON 2117,0,0,0,0.0,0.0,20.48714395740351,0.227730601560125,8990.0,1
SAN RAMON 2118,0,0,0,0.0,0.0,20.48714395740351,0.227730601560125,2774.0,1
SAN RAMON 2119,0,0,0,0.0,0.0,20.48714395740351,0.227730601560125,2165.0,1
SAND CREEK 1103,0,0,0,0.0,0.0,23.44554761477462,0.297306001314514,2441.0,0
SANTA MARIA 1108,0,0,0,0.0,0.0,21.43127887197908,0.248951649255116,2887.0,0
SANTA ROSA A 1104,0,0,0,0.0,0.0,20.550077994453307,0.2291163977485995,4009.0,1
SANTA ROSA A 1107,0,0,0,0.0,0.0,18.98580430626861,0.1958922070110017,2528.0,1
SANTA ROSA A 1108,1,0,0,0.0,0.0,18.98580430626861,0.1958922070110017,11891.0,1
SANTA ROSA A 1110,1,0,0,0.0,0.0,20.530473572882418,0.2286842710575535,10478.0,1
SANTA ROSA A 1111,0,0,0,0.0,0.0,18.98580430626861,0.1958922070110017,6194.5,1
SANTA YNEZ 1101,1,0,1,18.507838436713108,0.0,29.74342393000346,0.4752889959779972,191390.0,0
SANTA YNEZ 1102,1,0,0,0.0,0.0,29.74342393000346,0.4752889959779972,8022.0,0
SANTA YNEZ 1104,0,0,0,0.0,0.0,29.74342393000346,0.4752889959779972,1057.3333333333333,0
SARATOGA 1103,1,0,0,0.0,0.0,27.807212977706826,0.4162760622487171,8891.5,3
SARATOGA 1104,0,0,0,0.0,0.0,27.807212977706826,0.4162760622487171,3362.5,3
SARATOGA 1105,0,0,0,0.0,0.0,26.51206985387434,0.3789230960121945,2907.5,3
SARATOGA 1106,0,0,0,0.0,0.0,27.807212977706826,0.4162760622487171,3362.5,3
SARATOGA 1107,0,0,0,0.0,0.0,27.807212977706826,0.4162760622487171,2883.0,3
SARATOGA 1115,1,0,0,13.174252124185884,0.0,26.51206985387434,0.3789230960121945,17571.0,3
SAUSALITO 1101,0,0,0,0.0,0.0,15.115957417633377,0.1246935979597421,6257.0,1
SAUSALITO 1102,0,0,0,0.0,0.0,15.115957417633377,0.1246935979597421,4860.5,1
SERRAMONTE 1104,1,0,0,17.158507924836123,0.0,17.158507924836123,0.1603146417140505,26757.0,1
SHADY GLEN 1101,0,0,0,0.0,0.0,22.465695492824427,0.2732609399817138,3284.5,4
SHADY GLEN 1102,0,0,0,0.0,0.0,22.465695492824427,0.2732609399817138,566.6,4
SHEPHERD 2111,0,0,0,0.0,0.0,22.686890119560815,0.2786024959664506,2592.5,0
SHINGLE SPRINGS 1103,0,0,0,0.0,0.0,22.366757462285385,0.270888052742684,2231.6666666666665,4
SHINGLE SPRINGS 1104,0,0,0,0.0,0.0,22.366757462285385,0.270888052742684,2231.6666666666665,4
SHINGLE SPRINGS 2105,1,0,1,22.366757462285385,0.0,22.366757462285385,0.270888052742684,17873.0,4
SHINGLE SPRINGS 2108,1,0,0,0.0,0.0,22.366757462285385,0.270888052742684,6601.0,4
SHINGLE SPRINGS 2109,0,0,0,0.0,0.0,22.83959675305724,0.2823195895401679,3158.0,4
SHINGLE SPRINGS 2110,0,0,0,0.0,0.0,22.366757462285385,0.270888052742684,2231.6666666666665,4
SILVERADO 2102,0,0,0,0.0,0.0,21.27379975576398,0.2453478548641547,2492.0,1
SILVERADO 2103,0,0,0,0.0,0.0,20.17073239482795,0.2208255926691466,3112.5,1
SILVERADO 2104,0,0,0,0.0,0.0,20.11273500346963,0.2195712021497935,2492.0,1
SILVERADO 2105,0,0,0,0.0,0.0,20.11273500346963,0.2195712021497935,4020.5,1
SISQUOC 1102,0,0,0,0.0,0.0,23.571461344282437,0.3004675144299098,465.0,0
SISQUOC 1103,0,0,0,0.0,0.0,23.571461344282437,0.3004675144299098,465.0,0
SMARTVILLE 1101,0,0,0,0.0,0.0,23.34834712749747,0.2948765873061975,2909.6666666666665,4
SNEATH LANE 1101,0,0,0,0.0,0.0,18.074907353602732,0.1777203718296654,7558.0,1
SNEATH LANE 1102,1,0,0,17.158507924836123,0.0,17.158507924836123,0.1603146417140505,19638.0,1
SNEATH LANE 1106,0,0,0,0.0,0.0,17.158507924836123,0.1603146417140505,9232.0,1
SOBRANTE 1101,0,0,0,0.0,0.0,19.644546748278643,0.2095731175025464,2400.0,1
SOBRANTE 1102,0,0,0,0.0,0.0,19.644546748278643,0.2095731175025464,2400.0,1
SOBRANTE 1103,0,0,0,0.0,0.0,16.575275175772045,0.1496956108818659,2400.0,1
SOLEDAD 2101,0,0,0,0.0,0.0,26.53692219716288,0.3796238031769783,1047.0,3
SOLEDAD 2102,0,0,0,0.0,0.0,28.3163683175428,0.4314268179081246,730.0,3
SOLEDAD 2104,1,0,0,8.136256506189037,0.0,26.26090745858329,0.37187693048971,18123.0,3
SOLEDAD 2105,0,0,0,0.0,0.0,25.676854465386143,0.3557404737378214,7235.8,3
SONOMA 1102,1,0,0,9.916176443872839,0.0,19.39029749717926,0.2042392373719348,13175.5,1
SONOMA 1103,0,0,0,0.0,0.0,19.39029749717926,0.2042392373719348,1247.0,1
SONOMA 1104,0,0,0,0.0,0.0,19.39029749717926,0.2042392373719348,4013.0,1
SONOMA 1105,0,0,0,0.0,0.0,18.197742138185266,0.180120273870399,1074.0,1
SONOMA 1106,1,0,0,0.0,0.0,19.39029749717926,0.2042392373719348,10076.5,1
SONOMA 1107,0,0,0,0.0,0.0,19.39029749717926,0.2042392373719348,1074.0,1
SPAULDING 1101,0,0,0,0.0,0.0,23.782211323647687,0.3057956089673279,566.6,4
SPENCE 1102,0,0,0,0.0,0.0,22.26167363572726,0.2683788290890673,1256.8,3
SPENCE 1104,0,0,0,0.0,0.0,22.26167363572726,0.2683788290890673,1256.8,3
SPRING GAP 1702,0,0,0,0.0,0.0,24.423865592095353,0.3222984573549889,657.0,4
STAFFORD 1101,0,0,0,0.0,0.0,17.722120637459966,0.1709155374520868,8254.0,1
STAFFORD 1102,0,0,0,0.0,0.0,16.48482715178643,0.1480808142714946,7376.0,1
STANISLAUS 1701,0,0,0,0.0,0.0,22.888376204191022,0.2835120136844423,3214.0,4
STANISLAUS 1702,0,0,0,0.0,0.0,23.43684503707661,0.2970880943757383,1966.0,4
STELLING 1109,1,0,0,0.0,0.0,26.51206985387434,0.3789230960121945,10667.0,3
STELLING 1110,0,0,0,0.0,0.0,25.07216894650253,0.3394009926369153,1479.5,3
STILLWATER 1101,1,0,0,0.0,0.0,25.800818742948376,0.3591363108037372,5952.0,2
STILLWATER 1102,0,0,0,0.0,0.0,25.339305366664146,0.3465733213370083,1270.0,2
STONE CORRAL 1108,0,0,0,0.0,0.0,23.66026312739993,0.3027070003970197,2835.0,0
STONE CORRAL 1110,1,0,1,23.77567490265995,0.0,23.77567490265995,0.3056296720733743,17571.333333333332,0
SUISUN 1104,0,0,0,0.0,0.0,17.894998537224012,0.174233868265039,4599.0,1
SUISUN 1109,0,0,0,0.0,0.0,17.894998537224012,0.174233868265039,8066.0,1
SUMMIT 1101,0,0,0,0.0,0.0,22.43810638433819,0.2725982392113664,1068.5,4
SUMMIT 1102,1,0,1,18.822731957732035,0.0,21.72652220808045,0.2557772355899771,29437.5,4
SUNOL 1101,0,0,0,0.0,0.0,21.055482077006616,0.2403942944545382,4135.5,3
SUNOL 1105,0,0,0,0.0,0.0,21.055482077006616,0.2403942944545382,3480.0,1
SWIFT 2102,1,0,1,25.183425718708115,0.0,25.183425718708115,0.3423792504350225,14639.0,3
SWIFT 2107,1,0,0,0.0,0.0,25.183425718708115,0.3423792504350225,10578.0,3
SWIFT 2109,1,0,0,15.794019538069506,0.0,25.183425718708115,0.3423792504350225,25471.0,3
SWIFT 2110,1,0,0,0.0,0.0,24.293320712784663,0.3189067146757364,960.0,3
SYCAMORE CREEK 1109,0,0,0,0.0,0.0,25.604774543783392,0.353773154364538,3165.5,2
SYCAMORE CREEK 1111,0,0,0,0.0,0.0,25.534667160726706,0.3518647634365944,1246.6666666666667,2
TAMARACK 1101,0,0,0,0.0,0.0,22.635745534494745,0.2773629382515505,1068.5,4
TAR FLAT 0401,0,0,0,0.0,0.0,21.28835025689198,0.2456797558945157,2039.5,4
TAR FLAT 0402,1,0,0,0.0,0.0,21.95638956085731,0.2611538356272093,5919.5,4
TASSAJARA 2103,1,0,0,0.0,0.0,19.701189026052603,0.2107705791310155,9344.0,1
TASSAJARA 2104,0,0,0,0.0,0.0,21.05339479745406,0.240347173025803,2818.0,1
TASSAJARA 2106,0,0,0,0.0,0.0,21.05339479745406,0.240347173025803,4627.0,1
TASSAJARA 2107,1,0,0,12.090889130885065,0.0,19.701189026052603,0.2107705791310155,13925.0,1
TASSAJARA 2108,0,0,0,0.0,0.0,19.701189026052603,0.2107705791310155,7152.0,1
TASSAJARA 2109,0,0,0,0.0,0.0,21.05339479745406,0.240347173025803,7506.0,1
TASSAJARA 2112,0,0,0,0.0,0.0,21.05339479745406,0.240347173025803,6895.0,1
TASSAJARA 2113,0,0,0,0.0,0.0,19.701189026052603,0.2107705791310155,1380.3333333333333,1
TEJON 1102,1,0,1,30.460776747706575,0.0,30.460776747706575,0.4981136960133472,18794.6,0
TEJON 1103,0,0,0,0.0,0.0,26.47197777978841,0.377794033448955,3258.6,0
TEMPLETON 2108,1,0,1,21.182495618447096,0.0,21.182495618447096,0.2432701861441749,6731.0,0
TEMPLETON 2111,0,0,0,0.0,0.0,21.182495618447096,0.2432701861441749,4233.0,0
TEMPLETON 2112,1,0,0,0.0,0.0,21.182495618447096,0.2432701861441749,6162.75,0
TEMPLETON 2113,0,0,0,0.0,0.0,20.95888540620668,0.2382183044421203,5566.0,0
TIDEWATER 2106,0,0,0,0.0,0.0,19.59221380435259,0.2084697265615271,3689.0,1
TIVY VALLEY 1107,0,0,0,0.0,0.0,22.98569185071659,0.2858982384687719,1323.0,0
TRES PINOS 1111,0,0,0,0.0,0.0,21.102612644336773,0.2414594934554813,4185.25,3
TULUCAY 1101,0,0,0,0.0,0.0,16.99339038865041,0.1572720691838854,433.6666666666667,1
TYLER 1105,0,0,0,0.0,0.0,26.87876629184395,0.3893258419578381,1560.6666666666667,2
UKIAH 1111,1,0,1,23.67030723715676,0.0,23.67030723715676,0.3029608122920628,4983.0,2
UKIAH 1113,1,0,1,23.67030723715676,0.0,23.67030723715676,0.3029608122920628,16331.333333333334,2
UKIAH 1114,0,0,0,0.0,0.0,23.67030723715676,0.3029608122920628,2003.3333333333333,2
UKIAH 1115,1,0,1,23.67030723715676,0.0,23.67030723715676,0.3029608122920628,5393.333333333333,2
UPPER LAKE 1101,0,0,0,0.0,0.0,23.69670877038263,0.3036284661891196,1642.0,2
VACA DIXON 1101,0,0,0,0.0,0.0,20.15457511622111,0.2204757853923856,1491.6666666666667,1
VACA DIXON 1105,0,0,0,0.0,0.0,20.15457511622111,0.2204757853923856,2119.5,1
VACAVILLE 1103,1,0,0,0.0,0.0,17.894998537224012,0.174233868265039,9481.0,1
VACAVILLE 1104,0,0,0,0.0,0.0,17.894998537224012,0.174233868265039,4353.0,1
VACAVILLE 1108,0,0,0,0.0,0.0,20.15457511622111,0.2204757853923856,1491.6666666666667,1
VACAVILLE 1109,0,0,0,0.0,0.0,17.894998537224012,0.174233868265039,5999.0,1
VACAVILLE 1111,0,0,0,0.0,0.0,20.15457511622111,0.2204757853923856,4821.0,1
VACAVILLE 1112,1,0,0,0.0,0.0,20.15457511622111,0.2204757853923856,11193.0,1
VALLEY VIEW 1103,1,0,0,16.575275175772045,0.0,16.575275175772045,0.1496956108818659,17469.0,1
VALLEY VIEW 1105,0,0,0,0.0,0.0,16.575275175772045,0.1496956108818659,4855.0,1
VALLEY VIEW 1106,0,0,0,0.0,0.0,16.575275175772045,0.1496956108818659,10511.0,1
VASCO 1102,0,0,0,0.0,0.0,19.79830497231832,0.2128314550756917,2342.6666666666665,3
VASONA 1106,0,0,0,0.0,0.0,27.807212977706826,0.4162760622487171,4438.0,3
VIEJO 2201,0,0,0,0.0,0.0,20.443746137936675,0.2267773844726798,808.0,3
VIEJO 2202,0,0,0,0.0,0.0,20.443746137936675,0.2267773844726798,4445.0,3
VIEJO 2203,1,0,0,6.23509734845833,0.0,20.443746137936675,0.2267773844726798,9976.0,3
VINEYARD 2104,1,0,0,0.0,0.0,20.48714395740351,0.227730601560125,12361.0,1
VINEYARD 2107,1,0,0,0.0,0.0,20.48714395740351,0.227730601560125,9617.5,1
VINEYARD 2108,0,0,0,0.0,0.0,20.48714395740351,0.227730601560125,4141.0,1
VINEYARD 2110,1,0,1,20.48714395740351,0.0,20.48714395740351,0.227730601560125,19201.0,1
VOLTA 1101,0,0,0,0.0,0.0,24.271236980359223,0.3183346760160576,1167.5,2
VOLTA 1102,1,0,1,23.590074728419413,0.0,23.590074728419413,0.3009362526490557,6500.0,2
Valley Springs 1101,0,0,0,23.592954037404613,0.0,23.592954037404613,0.3010087936859595,5691.0,4
Valley Springs 1102,0,0,0,0.0,0.0,23.65008682985254,0.3024499538851146,4186.0,4
WALDO 0402,0,0,0,0.0,0.0,16.575275175772045,0.1496956108818659,2376.0,1
WALL 0401,0,0,0,0.0,0.0,16.023391143384483,0.1399765884292803,7839.0,1
WATERSHED 0402,0,0,0,0.0,0.0,19.815576039342556,0.2131989883061476,4899.0,1
WEIMAR 1101,0,0,0,0.0,0.0,22.594253837818428,0.2763593126636524,3284.5,4
WEIMAR 1102,0,0,0,0.0,0.0,22.621282760350137,0.2770129026239901,3315.0,4
WEST POINT 1101,0,0,0,0.0,0.0,22.943121325682643,0.2848531891965132,2004.5,4
WEST POINT 1102,0,0,0,0.0,0.0,23.21026849623869,0.2914421815970989,3862.0,4
WESTLEY 1103,1,0,0,16.40976497021428,0.0,24.771812831928084,0.3314239478107988,12404.333333333334,3
WHEATLAND 1104,0,0,0,0.0,0.0,23.875647974744815,0.3081724366846343,2852.0,4
WHEATLAND 1105,0,0,0,0.0,0.0,23.875647974744815,0.3081724366846343,3880.333333333333,4
WHITMORE 1101,0,0,0,0.0,0.0,22.747579800959254,0.2800768901689501,992.5,2
WILDWOOD 1101,0,0,0,0.0,0.0,25.116755553260724,0.3405930212434234,692.8,2
WILLITS 1102,1,0,0,9.172268495273864,0.0,21.280662811271867,0.2455043757787872,6386.0,2
WILLITS 1103,1,0,0,13.286684866778245,0.0,22.256649330328788,0.2682591426896218,6057.5,2
WILLITS 1104,0,0,0,0.0,0.0,21.280662811271867,0.2455043757787872,1529.5,2
WILLOW CREEK 1101,0,0,0,0.0,0.0,26.436395433329192,0.3767933440448937,971.3333333333334,2
WILLOW CREEK 1102,0,0,0,0.0,0.0,26.436395433329192,0.3767933440448937,971.3333333333334,2
WILLOW CREEK 1103,0,0,0,0.0,0.0,25.181410113115813,0.3423251816197856,2014.0,2
WILLOW PASS 2108,0,0,0,0.0,0.0,19.59221380435259,0.2084697265615271,9199.0,1
WINDSOR 1103,0,0,0,0.0,0.0,19.828156857627324,0.213466907056236,7670.0,1
WISE 1101,0,0,0,0.0,0.0,23.32603411665231,0.2943202708546338,2973.0,4
WISE 1102,0,0,0,0.0,0.0,23.32603411665231,0.2943202708546338,2955.5,4
WISHON 1101,0,0,0,0.0,0.0,22.701712145713717,0.2789622316604826,2592.5,0
WOOD 0401,0,0,0,0.0,0.0,16.250904512769168,0.1439444178934331,3892.3333333333335,1
WOODACRE 1101,0,0,0,0.0,0.0,17.944044295513773,0.1751809815987771,5517.5,1
WOODACRE 1102,0,0,0,0.0,0.0,16.48482715178643,0.1480808142714946,3164.0,1
WOODSIDE 1101,0,0,0,0.0,0.0,20.843834250081297,0.2356392185843656,1567.0,3
WOODSIDE 1102,1,0,0,0.0,0.0,20.843834250081297,0.2356392185843656,9436.0,1
WOODSIDE 1104,0,0,0,0.0,0.0,20.843834250081297,0.2356392185843656,4326.0,1
WOODWARD 2108,0,0,0,0.0,0.0,22.74537575382667,0.2800232786485468,680.1666666666666,0
WYANDOTTE 1102,0,0,0,0.0,0.0,24.349345388319527,0.3203601753187659,2504.0,4
WYANDOTTE 1103,0,0,0,0.0,0.0,24.150156512688504,0.3152071990078412,888.75,4
WYANDOTTE 1105,0,0,0,0.0,0.0,24.65026277685685,0.3282219995199443,2504.0,4
WYANDOTTE 1106,0,0,0,0.0,0.0,24.524765586718868,0.3249319545762522,2535.5,4
WYANDOTTE 1107,0,0,0,0.0,0.0,23.85541981552759,0.3076571152560832,2474.0,4
WYANDOTTE 1109,0,0,0,0.0,0.0,24.349345388319527,0.3203601753187659,4352.0,4
WYANDOTTE 1110,1,0,1,24.349345388319527,0.0,24.349345388319527,0.3203601753187659,8555.0,4
ZACA 1101,0,0,0,0.0,0.0,27.771744558053317,0.4152304331968727,1057.3333333333333,0
ZACA 1102,0,0,0,0.0,0.0,27.771744558053317,0.4152304331968727,1057.3333333333333,0
